title|synopsis|creators|genres|type
7th Time Loop: The Villainess Enjoys a Carefree Life Married to Her Worst Enemy!|Being reborn once may sound impressive, but Rishe is already on her seventh time around! She has had all kinds of excitement in her previous lives, from peddling goods as a merchant to locking blades as a knight, so now she’s determined to kick back and enjoy. But to savor the high life, she first has to marry the handsome prince…the same one who happens to be her murderer! It will take six-plus lifetimes of experience and skills for Rishe to break the time loop and make her extravagant dreams come true!|["Touko Amekawa","Wan☆Hachipisu"]|["Fantasy","Light Novels","Romance","Shojo / Josei","Villainesses"]|series
A Good Day Starts with Cats and Books|Welcome to Frère, a picture-purrfect share bookstore tucked away in a cozy corner of Shinjuku, complete with its very own adorable cat mascots! In a shared bookstore, each shelf is curated by individual “shelf owners,” each contributing their own books and personal touch to the space. Inside, you’ll meet as many fascinating and unique people as there are books: a hairstylist struggling to keep up with the latest trends, a student trying to make ends meet, a bartender eager to understand people through literature, and other colorful patrons seeking the perfect read. Peek into their lives and watch their relationships blossom as they connect over their shared love of books and the stories that bring them together.|["Wamizu","Satori Satori"]|["Cats","Light Novels","Slice of Life"]|standalone
A Tale of the Secret Saint|Born into a long line of knights, Fia is determined to become a knight herself, just like all her siblings. But a brush with death awakens memories of her past life as a Saint–a woman who wields rare, powerful healing and protection magic–along with the ability to use that magic herself! The downside is that Fia also remembers her past life’s untimely death, and the danger she will be in if anyone finds out what she really is. She vows to stay on her knighthood path and keep her powers a secret forever! But how can she resist using her newfound powers when they’re just so useful?|["Touya","chibi"]|["Fantasy","Light Novels"]|series
A Tale of the Secret Saint ZERO|It’s three hundred years before Fia and her friends’ adventures in Náv, and Princess Serafina, the blind second princess of the land, lives hidden away in the forest. With only the forest spirits and her cousin, the young knight captain Sirius Ulysses, to keep her company, Serafina leads a peaceful life. But one day, an incident causes mysterious powers to awaken within her, and Serafina takes her first steps on the path that will ultimately lead her to becoming the one and only Great Saint!<br><br>This fun, light-hearted tale of a tiny saint and the strongest of knights is the prequel to the hit series, A Tale of the Secret Saint!|["Touya","chibi"]|["Action","Drama","Fantasy","Light Novels","Supernatural"]|series
Accomplishments of the Duke’s Daughter|Iris Armelia, the daughter of a powerful duke, is arrested and forced to her knees in front of her fiancé. Her betrothed, Prince Edward, is rejecting her for another woman! As Iris’s life flashes before her eyes, she suddenly realizes she knows exactly what’s coming next–because she has been reincarnated into her favorite otome game as its villainess. Quick thinking saves her from exile, but Iris can’t rest yet. If she wants to survive this world that sees her as wicked, she’ll have to change the world itself.|["Reia","Haduki Futaba"]|["Isekai / Another World","Light Novels","Shojo / Josei","Villainesses"]|series
Adachi and Shimamura|Adachi and Shimamura, two young women who attend the same high school, are inseparable friends. Whether playing table tennis, chatting about favorite TV shows, or just relaxing together, they’re happy to share their days. When Adachi’s friendship turns into romantic attraction, the relationship begins to change, one day at a time. This beloved yuri series has been charming audiences in Japan for years, and was one of the top-requested yuri light novels in Seven Seas’ reader surveys. Now, for the first time ever, read the original Adachi and Shimamura light novels in English, both in paperback and in early ebook editions!|["Hitoma Iruma","raemz","Non"]|["Light Novels","Romance","Slice of Life","Yuri"]|series
Alice in the Country of Diamonds|WELCOME TO THE ALL-NEW COUNTRY OF DIAMONDS!<br><br>After another Wonderland “move” throws Alice into the Country of Diamonds, she’s in for a nasty surprise: in Diamonds, none of her old friends recognize her! A routine trip to Hatter Mansion ends with Eliot’s gun in her face and a trip to the Hatter’s dungeon. As Alice tries to figure out the new dangerous reality of the Country of Diamonds—including the possibility that it’s stuck somewhere in the past—Blood develops interest in her, and tentatively offers her protection in his country. But this isn’t the Mad Hatter Alice is used to: this Blood seems younger, lacking his usual confidence, and struggling to run his Mafia organization. He’s also obsessed with her relationship with the “other” Blood Dupre, even while he and Alice become much more intimate.|["Nana Fumitsuki","Sana Shirakawa","QuinRose"]|["Alice in Wonderland","Based on a Video Game","Light Novels","Reverse Harem","Shojo / Josei"]|standalone
An Autumn in Amber, a Zero-Second Journey|Socially awkward loner Kayato has an intense fear of being touched and finds making friends extremely difficult. When he and his high school classmates visit Hakodate for a field trip, he suffers through some attempts to engage with the others, until…<br><br>Time stops for the entire world, but not for him.<br><br>All the hustle and bustle of the city fades into an eerie veil of silence, leaving him the only soul left in motion–until he finds another in Akira, a sharp-tongued local delinquent. Though she’s his total opposite, she begrudgingly agrees to help him solve the mystery. Their only lead is something Kayato’s uncle said just before he died about a “world plucked out of time,” as if preserved in amber. Hoping to find a clue among his late uncle’s possessions in Tokyo, the two teens must travel through the frozen world.|["Mei Hachimoku","KUKKA"]|["Light Novels","Science Fiction","Supernatural"]|standalone
Arifureta: From Commonplace to World’s Strongest|When a classroom of students is transported to another world to act as its saviors, Hajime Nagumo finds himself the weakest link. As his friends and classmates are granted strong classes and impressive abilities due to their existing skills, he is given the weak title of Synergist. When a dungeon quest leaves him separated from his group, Hajime must discover his own talents or be left to rot in this world forever.|["Ryo Shirakome","Takaya-ki"]|["Fantasy","Harem","Isekai / Another World","Light Novels"]|series
Arifureta: From Commonplace to World’s Strongest ZERO|Third-rate Synergist Oscar Orcus wants only to live a peaceful life, raising money to support the orphanage he grew up in. All of this changes when the whirlwind that is Miledi Reisen storms into his life. Miledi, seeing Oscar’s hidden potential, wants to recruit him for her mission to defeat the gods. Oscar wants no part of this–but when the orphanage suddenly comes under attack, he may have no choice!|["Ryo Shirakome","Takaya-ki"]|["Fantasy","Harem","Isekai / Another World","Light Novels"]|series
At Night, I Become a Monster (Novel)|By day, Adachi is a normal student. By night, he’s a terrifying creature of many eyes and many legs who lurks in the darkness. One night, while haunting his own school, he comes across his classmate Yano Satsuki–she’s been an unexpected victim of bullying, and stalking the night in her own way. He’s surprised to find himself developing a sympathetic relationship with her. In this supernatural novel about nighttime outcasts, two students confront the monstrous ways that humans can treat each other.<br><br>“Overall At Night, I Become a Monster is a fascinating read. It’s a mystical story…just as captivating as Yoru Sumino’s I Want to Eat Your Pancreas. A must-read for fans of the author and supernatural dramas!” —Anime UK News|["Yoru Sumino"]|["Drama","Light Novels","Supernatural"]|standalone
Ballad of a Shinigami|Your Time Has Come.<br><br>In the darkness stands a girl draped in pure white. Don’t let her innocent appearance fool you; her hands grip a glistening scythe. Momo is the dark messenger of death who, along with her wisecracking cat named Daniel, is tasked with releasing humans from their mortal bonds and delivering their souls to the great beyond. First encounters with Momo always end in farewells.|["Nanakusa","K-Ske Hasegawa"]|["Light Novels","Supernatural"]|series
Berserk of Gluttony|Fate Graphite is one of the forsaken. Cursed with the skill “Gluttony,” he is ever starving, never sated…until the day he kills a dying thief and devours the man’s strength—and his soul. The true hunger of Fate’s Gluttony has awakened, and if he can learn to control his power, he will at last be the master of his own destiny.|["Isshiki Ichika","fame"]|["Fantasy","Light Novels"]|series
Betrothed to My Sister’s Ex|Marie has spent her life living under her sister’s shadow as the two grew up in an impoverished baron’s home. Every nice thing went to Marie’s sister, leaving her without even a proper dress! And right when her sister was being married off to a wealthy Earl–tragedy strikes and Marie’s sister is killed en route. With the dowry already spent, it’s decided that Marie will take her sister’s place and become the Earl’s betrothed. But, when she gets there, she finds there’s been a serious mix-up—the proposal was a total misunderstanding! Can Marie win the heart of the handsome Earl, or is she destined to live a life without a single nice thing?|["Mai Murasaki","Tobirano"]|["Fantasy","Light Novels","Romance"]|series
Bloom Into You : Regarding Saeki Sayaka|Saeki Sayaka has always been an old soul–serious and reserved, preferring to focus on her studies rather than make friends. Until, that is, a romantic confession from another girl in middle school turns her carefully ordered world upside down. Though none of her classes have prepared her for this, Saeki must now come to terms with her sexuality in this gentle, coming-of-age novel about grappling with first love, growing up, and relating to other people.|["Hitoma Iruma","Nakatani Nio"]|["Drama","Light Novels","Yuri"]|series
Boogiepop|There is an urban legend that children tell one another about a shinigami that can release people from the pain they may be suffering. This “Angel of Death” has a name–Boogiepop. And the legends are true. Boogiepop is real.<br><br>Told in a non-linear fashion that asks the reader to piece together the sequence of events to solve the mysteries alongside the characters, Kouhei Kadono’s first Boogiepop novel took First Place in Media Works’ Dengeki Game Novel Contest in 1997 and ignited the Japanese “light novel” trend. Today, there are millions of Boogiepop novels in print, a feature film, multiple manga series, and the anime series Boogiepop Phantom and Boogiepop and Others.|["Kouji Ogata","Kouhei Kadono","Masayuki Takano"]|["Light Novels","Supernatural"]|series
Buck Naked in Another World|When an ordinary Japanese man is catapulted headfirst into a fantasy world, he’s especially disappointed that he was sent stark naked! Adapting to life in a land of monsters and magic is hard enough without having to do it in your birthday suit, but Yoshida Shuta is going to grin and bear it—or bare it—as best he can.|["Madoka Kotani","Mochiusa"]|["Comedy","Fantasy","Isekai / Another World","Light Novels"]|series
Chronicles of an Aristocrat Reborn in Another World|Teenager Shiinya Kazuya died while saving young girls from an attacker, only to find himself reincarnated into a world of swords and magic. It was a dream come true! Though he remembers his life and knowledge of Earth, he is now Cain von Silford, the third son of an aristocrat. Being granted the protection of the gods on his fifth birthday turned out to be too much of a good thing for Cain. His stats and boosts are so powerful, he must hide his real abilities to climb the ranks of society as he descends into the darkest dungeons. The ultimate isekai adventure begins as a teen-turned-child is trapped in a beautiful kingdom he didn’t create, but might one day rule!|["Yotsuba","Yashu"]|["Fantasy","Isekai / Another World","Light Novels"]|series
Classroom of the Elite||["Syougo Kinugasa","Tomoseshunsaku"]|["Drama","Light Novels"]|series
Clockwork Planet|The Earth has died, but the entire planet has been reconstructed using gears and clockwork. One thousand years later, a mysterious black box crashes into the house of a high school gearhead named Naoto Miura, a machine otaku who is obsessed with tinkering. The box contains the broken body of an automaton girl. When Naoto repairs the automaton and she becomes his clockwork companion, Naoto’s world will never be the same again.|["Yuu Kamiya","Tsubaki Himana","Sino"]|["Action","Harem","Light Novels","Science Fiction"]|series
Dance in the Vampire Bund|After millennia in hiding, Mina Tepes, the Princess of the ancient covenant and ruler of all vampires, wants change. Using the vast wealth of the Tepes line, she has paid off the entire gross national debt of Japan and in so doing, gained the authority to create a “special district” off the coast of Japan that is to become the future haven to vampires the world over! Now, on the eve of the landmark press conference announcing the existence of vampires to the world, terrorists and rival factions plot to assassinate Mina before she has a chance to make her world-changing announcement!<br><br>And be sure to watch the Dance in the Vampire Bund anime, available now on Crunchyroll!|["Nozomu Tamaki"]|["Action","Light Novels","Supernatural"]|standalone
Didn’t I Say to Make My Abilities Average in the Next Life?!|When gifted student Kurihara Misato dies right after her high school graduation, she meets God and has a peculiar request: to make her abilities average in the next life. But few things–especially wishes–ever go quite as planned. As she navigates her new life as a ten-year-old girl in a magic-filled world, she realizes God has a unique definition of average!<br><br> |["FUNA","Itsuki Akata"]|["Comedy","Fantasy","Isekai / Another World","Light Novels"]|series
Disciple of the Lich: Or How I Was Cursed by the Gods and Dropped Into the Abyss!|When Kanbara Kanata is whisked away from his mundane life to a world of adventure, he inadvertently offends the all-powerful being who brought him there. As punishment, he is sent to the bottom of the most dangerous dungeon without a single special power or ability! He is sure that he’s a goner until he meets a lich girl named Lunaère—an undead powerhouse who hates humans, but grudgingly decides to assist him all the same. With Lunaère’s help, Kanata may just grow into someone truly incredible!<br><br>|["Necoco AKA Nekoko","Yoh Hihara"]|["Fantasy","Isekai / Another World","Light Novels"]|series
Division Maneuver|When the monstrous Jave attacked, mankind’s strongest warrior died defending humanity—and was reincarnated as a baby. Now, thirteen years later, the Jave have returned! Enrolling in an academy that trains people to use the magic-powered battlesuits known as Division Maneuver, Okegawa Kuon can only operate Division 1, the weakest—until the opportunity to pilot a special, one-of-a-kind suit appears, one that can be activated even with rock-bottom levels of magical power!|["Shippo Senoo","Nidy-2D-"]|["Light Novels","Science Fiction"]|series
Drugstore in Another World: The Slow Life of a Cheat Pharmacist|When corporate drone Reiji wakes up in another world, he come face-to-face with a fatally wounded werewolf. Thankfully, Reiji’s new Medicine Maker skill enables him to brew uniquely effective potions. Alongside his new wolf-girl friend, Reiji and his amazing cures are ready to revolutionize this fantasy world. Be they an old man seeking the secret of youth or an elven archer with blurry vision, all comers are welcome to his countryside pharmacy.|["Kennoji","Matsuuni"]|["Fantasy","Isekai / Another World","Light Novels","Slice of Life"]|series
Easygoing Territory Defense by the Optimistic Lord: Production Magic Turns a Nameless Village into the Strongest Fortified City|Van, fourth son of a marquis, is just a toddler when he realizes he’s been reincarnated. Thanks to his literal lifetime of knowledge, he’s raised as a child prodigy—until his production magic manifests, and it’s the last thing his snooty mage family wants to see! His disappointed father banishes him to a podunk town on the verge of collapse, yet Van can only see the place’s potential. Can our hero’s bastion of battlements build a better life than battle magic ever could?!|["Sou Akaike","Kururi"]|["Comedy","Fantasy","Isekai / Another World","Light Novels"]|series
Failure Frame: I Became the Strongest and Annihilated Everything With Low-Level Spells|Abruptly catapulted into a fantasy world, Mimori Touka and his classmates have been summoned by the world’s resident Goddess to serve as heroes. Luckily, most of the students display amazing skills upon arrival—except for Mimori, whose abilities bottom out at a measly E-rank. With no further use for him, the Goddess banishes Mimori to a dungeon from which no one has ever returned alive. Yet, as it turns out, Mimori’s skills aren’t so much worthless as they are abnormal. Abnormally powerful, even. If Mimori can only claw his way back to the surface, nothing will stand in his way from getting revenge.|["Kaoru Shinozaki","KWKM"]|["Fantasy","Isekai / Another World","Light Novels"]|series
Free Life Fantasy Online: Immortal Princess|Gamer girl Kotone is thrilled when she receives a copy of Free Life Fantasy Online, a.k.a. FLFO from her younger sister. In the world of FLFO, Kotone decides to become a zombie, one of the game’s inhuman races that’s difficult to master–even for experienced players. But that’s not a deterrent to Kotone. In fact, when she embarks on her first quest, she finds a world of wonders that are about to become a huge part of her IRL life!|["Akisuzu Nenohi","Sherry"]|["Action","Fantasy","Light Novels","Science Fiction","Slice of Life"]|series
Grimgar of Fantasy and Ash|Haruhiro awakens to darkness and amnesia, among a group of strangers who can only remember their own names…and nothing else. When they make it into the light, they discover Grimgar – a fantasy world that’s like something out of an RPG game.<br><br>Without apparent skills or knowledge of their surroundings, Haruhiro and his newfound friends band together to form an adventuring party. Only by cooperating, using their wits, and learning new skills can they hope to survive in this dangerous land of monsters and magic.|["Ao Jyumonji","Eiri Shirai"]|["Drama","Fantasy","Isekai / Another World","Light Novels"]|series
HELLO WORLD: The Novel|Naomi, a shy teenage boy, is visited by his future self and tasked with fixing his biggest regret—his classmate and soon-to-be girlfriend Ruri is going to be in a terrible accident. This “future self” knows all about Naomi’s past, present, and future, and can tell him just what to do and say in every situation, from a first date to a deadly lightning strike. But does this mysterious man really just want to give Naomi and Ruri a happy ending, or is there something far bigger at stake?|["Mado Nozaki"]|["Light Novels","Romance","Science Fiction"]|standalone
Heroine? Saint? No, I’m an All-Works Maid (And Proud of It)!|“I will become the world’s most wonderful maid!” With her skirt fluttering in black and white, the girl shouted. Her name is Melody. A reincarnated former Japanese girl, she now pursues her dream in her new life, working as an all-purpose maid for a poor count’s family in the kingdom of Théolas. When she makes it, even cheap tea turns into a luxury brew, and a dilapidated mansion is quickly restored to new! Cleaning, serving, hunting, DIY—leave it all to her and her powerful magic.<br><br>Unbeknownst to Melody, this world is actually an otome game, and she is the most powerful and invincible heroine, the saint! Yet, she remains oblivious to this fact. Romance with handsome men? Attacks by the Demon Lord? Work comes first!<br><br>A fantasy of misunderstood work that unknowingly shatters destiny!|["Atekichi","Yukiko"]|["Fantasy","Isekai / Another World","Light Novels"]|series
How a Realist Hero Rebuilt the Kingdom|When Kazuya Souma is unexpectedly transported to another world, he knows the people expect a hero. But Souma’s idea of heroism is more practical than most–he wants to rebuild the flagging economy of the new land he’s found himself in! Betrothed to the princess and abruptly planted on the throne, this realist hero must gather talented people to help him get the country back on its feet–not through war, or adventure, but with administrative reform!|["Dojyomaru","Fuyuyuki"]|["Comedy","Fantasy","Isekai / Another World","Light Novels"]|series
I Abandoned My Engagement Because My Sister is a Tragic Heroine, but Somehow I Became Entangled with a Righteous Prince|Leia’s life is turned upside down after her younger sister claims she’s a cruel villain. Leia’s fiancé breaks off their engagement, leaving her no choice but to throw herself into her saintly duties. But when confronted by the righteous Crown Prince Eric, she finds herself under his scrutiny. He’s determined to suss out her true nature, but why does it involve living in the palace with him?!|["Fuyutsuki Koki","Haduki Futaba"]|["Comedy","Drama","Fantasy","Light Novels","Romance","Shojo / Josei"]|series
I am Blue, in Pain, and Fragile|Two young people in their first year of university, drawn to each other’s passion, establish a secret society to pursue those ideals. But as time passes, the demands of a world that isn’t kind to dreamers threatens to force them apart, filling the space between them with shattered hopes and the fallout of lies. A tender, tragic tale about growing past pain and the cruelty of youth, by acclaimed author Yoru Sumino.|["Yoru Sumino"]|["Drama","Light Novels"]|standalone
I Got Married to the Girl I Hate Most in Class|Archenemies Hojou Saito and Sakuramori Akane have a notorious reputation as bitter rivals at their high school. Without fail, the two can be found bickering and arguing every day, making school their own personal battleground. But their relationship takes a drastic turn when Saito’s domineering grandfather delivers a shocking ultimatum: marry his rival or lose the family business to the dog! Saito reluctantly accepts his fate, and to his complete surprise, Akane agrees without a fight. And just like that, they’re a married couple! Now, these rivals-turned-newlyweds must navigate living under the same roof and sharing meals (and a bed!) all without tearing each other apart. Can they manage to live together in peace and keep their embarrassing circumstances a secret from their classmates?|["Nanami Narumi","Amano Seiju","Mosskonbu"]|["Comedy","Light Novels","Romance"]|series
I Had That Same Dream Again|An unhappy girl who engages in self-harm, a high schooler ostracized by her classmates, and an old woman looking to live out her twilight years in peace–what could three such different people have in common? That’s what grade schooler Nanoka Koyanagi is trying to find out. Assigned by her teacher to define what “happiness” means to her, Nanoka tries to find her place in the world by exploring her relationships with these three strangers, and through them, comes to know herself.|["Yoru Sumino"]|["Drama","Light Novels","Slice of Life"]|standalone
I Have a Secret|Five high school classmates hold secrets close to their hearts–hidden talents, unspoken feelings, and buried pain. As they collide with each other on the path to growing up, they might jostle some of those secrets free. From Yoru Sumino, acclaimed author of I Want to Eat Your Pancreas and I Had That Same Dream Again comes a gentle, intriguing tale about love, life, and the things we leave unsaid.|["Yoru Sumino"]|["Drama","Light Novels","Supernatural"]|standalone
I Like Villains, so I Reincarnated as One|Video game character Vice Hamilton is destined to lose everything—his position, his family, and ultimately his life. A tragic villain who was overshadowed by his talented sister, blamed for mismanaging his territory, and fated to fall at the hands of the game’s hero, Vice is nothing more than a failure. And to be reincarnated as him? A fate worse than death! Or is it?<br><br>Armed with knowledge of the game’s plot, the new Vice has a second chance to rewrite his fate and become a proper villain with a better future. Using his own cheats to avoid every pitfall, Vice has the ability to avoid doom and impending tragedy, all while winning the hearts of the beautiful ladies around him. Can he maintain this new course, grow his harem, and survive the plot that’s written against him?!|["kodamazon","Kei Takano"]|["Fantasy","Isekai / Another World","Light Novels"]|series
I Swear I Won’t Bother You Again!|Violette, daughter of a duke, committed a terrible, jealous crime against her half sister. As she languishes in prison, something unexpected happens: time is rewound, sending her back to the day her problems began! Armed with the memories of her disastrous first go-round, Violette is determined to live a quiet, unobtrusive life this time…but fate has something else in store!|["Reina Soratani","Haru Harukawa"]|["Fantasy","Light Novels","Period Piece","Shojo / Josei","Villainesses"]|series
I Want to Eat Your Pancreas|<br><br>|["Yoru Sumino"]|["Drama","Light Novels"]|standalone
I Will Forget This Feeling Someday|Suzuki Kaya lives an everyday, ordinary, boring life. That is, until a dazzling light appears before him at a defunct bus stop, showing him a vision of a girl from another world. From that moment, Kaya’s life changes as they strive to find ways to meet one another from across dimensions, and maybe… even fall in love.<br><br>This moving tale is the newest novel by the Eisner-nominated author of I Want to Eat Your Pancreas and I Had That Same Dream Again!|["Yoru Sumino"]|["Light Novels","Romance","Science Fiction"]|standalone
I’m the Heroic Knight of an Intergalactic Empire!|Emma has just taken her first step as a knight. Emma’s new job? Commander of a squad of useless layabouts. Just as her efforts start to change minds, a pirate base is discovered on Alias. What will happen when an elite force is sent in from the home planet to eliminate them?! An epic new tale of a failure’s rise to glory in the Intergalactic Empire begins!|["Yomu Mishima","Nadare Takamine"]|["Comedy","Light Novels","Science Fiction"]|series
I’m in Love with the Villainess|Ordinary office worker Ohashi Rei wakes up in the body of the protagonist of her favorite otome game, Revolution. To her delight, the first person to greet her is also her favorite character, Claire Francois—the main antagonist of the story! Now, Rei is determined to romance Claire instead of the game’s male leads. But how will her villainous ladylove react to this new courtship?!|["Inori","Hanagata"]|["Isekai / Another World","Light Novels","Romance","Villainesses","Yuri"]|series
I’m in Love with the Villainess: She’s so Cheeky for a Commoner|Claire François has it all: beauty, brains, and the blood of nobility. As the daughter of a high-ranking noble, she takes her status and the according responsibilities with utmost seriousness—even as the king threatens to undermine his realm’s stability with his visions of “meritocracy.” Claire is nevertheless prepared to take this societal change in stride, until one of the new commoner students at her elite academy, Rae Taylor, turns her life upside down. Everything about Rae confounds Claire, from her behavior to her intellect to her bizarre fixation on Claire herself. Little does she realize just how much Rae will change her world, and how much she’ll change Rae in turn.|["Inori","Hanagata"]|["Isekai / Another World","Light Novels","Romance","Villainesses","Yuri"]|series
I’m the Evil Lord of an Intergalactic Empire!|In his last life, Liam lived as a moral, responsible person…but died deep in debt and betrayed by his wife. Reborn into the ruling family of a vast interstellar empire, Liam knows that life is divided between the downtrodden and the ones who do the stomping, so this time he’s going to take what he wants and live for himself. But somehow, things refuse to work out that way. Despite doing his best to become a tyrant, Liam’s decisions lead to nothing but peace and prosperity for the empire under his rule, and he just gets more and more popular!|["Yomu Mishima","Nadare Takamine"]|["Comedy","Harem","Isekai / Another World","Light Novels","Science Fiction"]|series
Irina: The Vampire Cosmonaut|A fierce space race between two global superpowers gives rise to the Nosferatu Project, a top-secret plan to train up some unusual cosmonauts–vampires! When Lev Leps, a human soldier, is ordered to supervise vampire test subject Irina Luminesk, the unlikely pair bonds over their shared dream of reaching the stars. Together, can the human and vampire duo rise above the chaos and corruption down on Earth and blast off into the final frontier?|["Keisuke Makino","KAREI"]|["Light Novels","Military","Romance","Science Fiction","Supernatural"]|series
Kuma Kuma Kuma Bear|Fifteen-year-old Yuna prefers staying home and obsessively playing her favorite VRMMO to doing anything else, including going to school. When a strange new update gives her a one-of-a-kind bear outfit that comes with overpowered abilities, Yuna is torn: the outfit is unbearably cute, but too embarrassing to wear in-game. But then she suddenly finds herself transported to a world like the game, facing down monsters and magic for real, and the bear suit becomes the best weapon she has!|["Kumanano","029"]|["Comedy","Fantasy","Isekai / Another World","Light Novels"]|series
Loner Life in Another World|When sarcastic loner Haruka gets transported with his class to another world, he’s not wild about adventuring, but he wouldn’t mind having some cool powers. Unfortunately, he’s last in line when the magic cheat skills get divvied up, so by the time it’s Haruka’s turn, there are no good choices left. Now Haruka will have to take on this fantasy world the hard way–on his own, with a hodgepodge of bizarre skills! When infighting and chaos break out among his classmates, can this loner come to the rescue?|["Saku Enomaru","Shoji Goji","booota"]|["Fantasy","Isekai / Another World","Light Novels"]|series
Loyal Soldier, Lustful Beast|Noblewoman Giselle’s world is turned upside down when she’s summoned to serve as the king’s prized concubine. Her heart already belongs to her manservant, Wallace, a soldier who worships the ground she walks on. Just as Giselle accepts that their blissful days are numbered, Wallace steals into her room in the palace with a desperate, hungry gaze. Spending the night with him is tantamount to treason…but their love is not one so easily denied.|["Sumire Saiga","Saya Shirosaki"]|["Drama","Light Novels","Period Piece","Romance","Shojo / Josei"]|standalone
Magic User: Reborn in Another World as a Max Level Wizard|A hardworking salaryman by day immerses himself on weekends in the pen-and-paper roleplaying game Dungeons & Braves, where he plays his favorite character: a max level wizard. When his real life abruptly ends, he is given a second chance as Geo Margilus, his magic user from the game. The powers, wealth, and enchanted loot that he gathered across endless hours of imaginary adventures are now made real. The catch? He’s transported to the world of Sedia, a fantasy realm where evil abounds, and ravenous daemons threaten mankind.|["Mikawa Souhei","Ryota-H"]|["Fantasy","Isekai / Another World","Light Novels"]|series
Magical Buffs: The Support Caster is Stronger Than He Realized!|Granting casters like Wim Strauss play an important supporting role for their team when times get tough, but after his talents hurt the pride of his party’s leader, he’s kicked out of the group!<br><br>Yet he’s not down and out for long. Wim’s luck takes a turn when he receives an invitation from his longtime childhood friend (and stalker) Heidemarie to join Nachtlibelle, an elite guild considered one of the greatest in the land. His talents may not be the flashiest, but given the chance with his new quirky crew, this supporting act might just be able to prove center stage.|["Haka Tokura","Eiri Shirai"]|["Action","Fantasy","Light Novels"]|series
Modern Dungeon Capture Starting with Broken Skills|Monster-filled dungeons have recently appeared in our world. When average office worker Mizuki Ryosuke gets transferred to the Japanese countryside, by the time he gets there, the office is gone and a dungeon’s sitting in its place! He finds a number of odd things when he ventures inside, like a fairy about to be eaten by goblins and a mysterious skill book that allows him to turn skills—even overpowered ones—into cards so he can use them at will! Rumors of Mizuki and his broken skills spread, and requests for him to hunt down rare items in other dungeons pour in. Where will Mizuki’s new career take him next?|["Yuuki Kimikawa","cruelGZ"]|["Action","Comedy","Fantasy","Light Novels"]|series
Modern Villainess: It’s Not Easy Building a Corporate Empire Before the Crash|When the economy collapses in September 2008, an exhausted career woman’s fate is left in flux…until she’s reincarnated! Now she’s Keikan Runa—the villainous daughter of the Keika Group—in an otome game set before the pop of Japan’s economic bubble. Keika Group’s financial situation isn’t great: they’re on the verge of ruin if left unchecked. However, Runa is determined to save both Keika Group and Japan through risky, smart investments. Thanks to an interest in cold hard cash, knowledge of future technology, and her awareness of Japan’s real-world future doom, Runa might just be able to nip the looming economic collapse in the bud. Witness the rebirth of Japan’s economy as Runa uses her knowledge to save her new present from the future!|["Tofuro Futsukaichi","KEI","Jaian"]|["Isekai / Another World","Light Novels","Shojo / Josei","Villainesses"]|series
Monster Girl Doctor|In the town of Lindworm where monsters and humans coexist, Dr. Glenn runs an exemplary medical clinic for monster girls with his lamia assistant, Sapphee. Whether receiving a marriage proposal by a centaur injured in battle, palpating the injury of a mermaid, or suturing the delicate wounds of a flesh golem, Dr. Glenn performs his job with grace and confidence. But when an unsavory character seeks to steal a harpy egg, how will the unflappable Dr. Glenn respond…?|["Yoshino Origuchi","Z-ton"]|["Light Novels","Monster Girls"]|series
Monster Musume The Novel – Monster Girls on the Job!|Ordinary twentysomething Kurusu Kimihito thought living with a bunch of monster girls was complicated enough, but now there’s a new directive sent down from the government: get a job! Now lamia Miia, centaur Centoria, and all your favorites have to join the working world, leading to sexy uniforms, on-the-job shenanigans, and all-new hilarity!<br><br>Written by the author of the Monster Girl Doctor light novels, Yoshino Origuchi, and with all-new illustrations by series creator OKAYADO, this book features everyone’s favorite monster girls in a new light novel adventure!|["Yoshino Origuchi","OKAYADO"]|["Comedy","Harem","Light Novels","Monster Girls"]|standalone
Muscles are Better Than Magic!|For ten years, Yuri has lived alone in the forest, training his muscles day and night to hone his body into the ultimate fighting machine. But when the beautiful elf Filia stumbles upon his home, she begs him to help her escape the forest. There’s just one problem: Yuri’s never left the woods, and besides, this odd couple can’t seem to agree on anything. It’s the beginning of a wacky journey through strange lands and stranger adventures!|["DORANEKO","Relucy"]|["Comedy","Fantasy","Light Novels"]|series
Mushoku Tensei: Jobless Reincarnation|Kicked out by his family and wandering the streets, an unemployed 34-year-old shut-in thinks he’s hit rock-bottom—just as he’s hit and killed by a speeding truck! Awakening to find himself reborn as an infant in a world of swords and sorcery, but with the memories of his first life intact, Rudeus Greyrat is determined not to repeat his past mistakes. He’s going to make the most of this reincarnation as he sets off on the adventure of a second lifetime!|["Rifujin na Magonote","Shirotaka"]|["Fantasy","Harem","Isekai / Another World","Light Novels"]|series
Mushoku Tensei: Redundant Reincarnation|Rudeus Greyrat has finally emerged victorious from the showdown at Biheiril Kingdom. With his hard-fought battle over, he can finally rest easy and put his adventuring days behind him. Yeah right! The epic fight may be done, but the story of the Jobless Reincarnation cast is far from over. There’s still Norn’s wedding, Lucie’s first day at school, hunting down marriage partners for Dohga and Isolde, and then…is that Ghislaine?! Get ready for a bounty of antics and action from the Mushoku Tensei universe as the story continues!|["Rifujin na Magonote","Shirotaka"]|["Fantasy","Harem","Isekai / Another World","Light Novels"]|series
My Status as an Assassin Obviously Exceeds the Hero’s|Oda Akira is the kind of guy who people forget is even there. His unassuming nature pays off, though, when his entire class is swept away to a fantasy world, and he slips easily into his new role as a silent assassin. Between his suspiciously high starting stats and too many details that don’t fit, Akira is sure something is wrong. But digging into royal secrets is a dangerous game, and when Akira uncovers an evil scheme, he also makes a powerful enemy—the very king who brought him to this world! With the help of the elven spirit medium Amelia, can he find the power to set things right, and get his revenge?|["Matsuri Akai","Tozai"]|["Fantasy","Isekai / Another World","Light Novels"]|series
Neon Genesis Evangelion: ANIMA|What would have happened if the Human Instrumentality Project–from the final two episodes of the original Neon Genesis Evangelion anime–had never reached fruition? This official light novel series explores just that, allowing Shinji Ikari and the pilots around him to age three years and face a different future. This alternate ending began serialization in Japan a decade ago, and remains the only light novel series for the legendary franchise. With the original 1990s anime series having its very first streaming release on Netflix in Spring 2019, these light novels are a perfect expansion for fans new and old.|["Ikuto Yamashita","Yasuo Kashihara","Khara"]|["Light Novels","Science Fiction"]|series
Occultic;Nine|What happens when eight eccentrics cross paths on a paranormal blog run by a high school NEET? A whole lot of weird! Gamon Yuta runs an occult-related site he hopes will one day make him rich. But before his dreams can come true, strange things occur when the lives of these nine oddballs collide. Can they solve a case that transcends reality and could alter the very fabric of our world?|["Chiyomaru Shikura","pako"]|["Light Novels","Mystery","Science Fiction","Supernatural"]|series
PENGUINDRUM|Twins Kanba and Shoma live with their terminally ill little sister, Himari. One day, they visit the aquarium, a place full of warm memories for Himari, but she suddenly falls ill—and dies! At that very moment, a voice cries out, “Survival Tactic!” and Himari, wearing a penguin hat, comes back to life…?!|["Kunihiko Ikuhara","Kei Takahashi"]|["Light Novels","Magical Girls","Mystery","Supernatural"]|series
Perfect Blue|These psychological thriller novels deal with the haunting price of fame. Perfect Blue: Complete Metamorphosis is the novel upon which Satoshi Kon based his Perfect Blue animated film, focusing on pop idol Mima Kirigoe’s move into an acting career and the sinister forces around her–including a trail of shocking murders–that push her into her own fragmented reality. Perfect Blue: Awaken from a Dream has a completely separate plot, for readers eager for more psychological drama from Yoshikazu Takeuchi.|["Yoshikazu Takeuchi"]|["Drama","Horror","Light Novels"]|series
Pita-Ten|Higuchi Kotarou was just a normal sixth-grader until a new next-door neighbor enters his life–an insanely perky angel named Misha that has made it her life’s work to make Kotarou happy! And if that wasn’t enough, Misha has an even stranger roommate–a kind-hearted demon named Shia and her mysterious black cat Nya! If Kotarou’s life at home is this weird, what can it possibly be like at school? Find out in these fun-filled, brand-new adventures that reveal the origins of Koge-Donbo’s beloved characters first introduced in the hit Pita-Ten manga series!|["Koge-Donbo","Yukari Ochiai"]|["Fantasy","Light Novels"]|standalone
Planet of the Orcs|He was fifteen when he first became a hero, blasted to another world by an unknown entity. At the end of his harsh and hapless journey, the hero defeated the Demon King. Over the next ten years, he was sent off to different worlds, and every time, he saved them. Now, on his thirteenth world, the enemy is the orc race whose highly advanced civilization has forced humanity into a desperate struggle for survival. What’s more, the orcs seem to have banded under a cunning leader. Has our hero finally met his match?|["Himataro Zukunashi"]|["Fantasy","Isekai / Another World","Light Novels","Science Fiction"]|series
Qualia the Purple|Junior high schooler Marii Yukari sees all humans, aside from herself, as robots through her vivid, purple eyes. Yet even with such a strange perspective on the world, her classmates treat her like an unassuming, strange girl, including Manabu “Gaku” Hatou, her sole friend. Yet strange things start occurring around Yukari, and when she is recruited into an underground organization due to her unique talents, Manabu finds herself tangled up in a realm of dangerous experiments and quantum physics unlike anything she could have ever imagined! Yet is her friendship with Marii enough to save them both from whatever awaits them in the scientific underbelly of the world?|["Hisamitsu Ueo","Shirou Tsunashima"]|["Light Novels","Science Fiction","Yuri"]|standalone
Raven of the Inner Palace|Deep within the palace’s walls lives the secluded and mysterious Raven Consort. Some say she is an old woman, while others claim she is young and beautiful. What all stories agree upon is that she has the power to exorcise spirits, lay fatal curses, and find lost objects—for a price. When the young emperor arrives at the door of the Raven Consort seeking magical assistance, his request could shake up the palace…or perhaps even the entire kingdom.|["Kouko Shirakawa","Ayuko"]|["Fantasy","Light Novels","Mystery","Period Piece","Shojo / Josei","Supernatural"]|series
Reborn as a Space Mercenary: I Woke Up Piloting the Strongest Starship!|When Satou Takahiro is swept away from his ordinary life into the world of his favorite video game, a universe of space battles, interstellar colonies, and danger in the vastness of outer space awaits. Soon, he’s living as “Hiro” the mercenary, with a tricked-out spaceship and a babe on each arm! There are space pirates to fight, girls to rescue, and trouble to get into (and hopefully out of). Hiro is going to live his new life to the fullest!|["Ryuto","Tetsuhiro Nabeshima"]|["Harem","Isekai / Another World","Light Novels","Science Fiction"]|series
Record of Lodoss War|Parn, a reckless but passionate swordsman embarks on a quest to discover the source of a great evil overwhelming the country of Lodoss. Joining him are Deedlit, a young elf wielding powerful magic; Ghim, the tough-as-stones dwarf; Etoh, a fledgling priest; Slayn, the group’s sorcerer; and Woodchuck, their indispensable thief. Together, this iconic group will join forces to discover the truth behind a world torn apart by ancient deities and wield the power needed to defeat the Grey Witch!|["Ryo Mizuno","Hitoshi Yasuda","Yutaka Izubuchi"]|["Classics","Fantasy","Light Novels"]|standalone
Reincarnated as a Dragon Hatchling|Our hero wakes up one day in a brand new world…but his new life doesn’t come with fighting skills or magic powers, or even arms and legs! He’s reborn as a helpless egg, stuck in an unfamiliar forest surrounded by terrifying, hungry beasts. But eggs hatch, hatchlings grow up, and humble beginnings can lead to something great. He’ll do his best to become the strongest dragon ever, and no measly shell will get in his way!|["Necoco AKA Nekoko","NAJI Yanagida"]|["Fantasy","Isekai / Another World","Light Novels"]|series
Reincarnated as a Sword|Reincarnated as a sentient weapon with memories of his past life, but not his name, a magical sword saves a young beastgirl from a life of slavery. Fran, the cat-eared girl, becomes his wielder, and wants only to grow stronger, while the sword wants to know why he is here. Together, the strange duo’s journey has only just begun!|["Yuu Tanaka","Llo"]|["Fantasy","Isekai / Another World","Light Novels"]|series
Reincarnated Into a Game as the Hero’s Friend: Running the Kingdom Behind the Scenes|Someday, the hero Mazel will battle the Demon Lord with the fate of the realm at stake. But until that day…he better be carrying plenty of potions! While the hero is off saving the kingdom, it’s up to Lord Werner—a Japanese office worker reincarnated into the world of a classic RPG—to keep the rest of the world from becoming collateral damage. There’s no hero, luminary, or warrior of light who doesn’t need a friend like Werner! But can he truly defy the flames of fate and change the bittersweet ending of the game?|["Yuki Suzuki","Sanshouuo"]|["Fantasy","Isekai / Another World","Light Novels"]|series
Restaurant to Another World|In Tokyo lies a small restaurant called “Western Cuisine Nekoya,” ordinary in every way—save one. Every Saturday, its door connects to another world! Follow along as a cavalcade of curious guests from half-elves to samurai, dragons, halflings and vampires enter its premises, all with the same goal in mind: to fill their stomachs with the most mouth-watering of foods.|["Junpei Inuzuka","Katsumi Enami"]|["Fantasy","Light Novels","Slice of Life"]|series
Ride Your Wave|Carefree Hinako moves to a small seaside town to surf. When her new apartment catches fire, she’s rescued by Minato, a gentle firefighter with a heart of gold. The two soon begin surfing together, and before they know it, they’re falling in love. But their young romance comes to an abrupt halt when tragedy strikes. Now Hinako is determined to rescue Minato, just like he once saved her. A moving tale of love and yearning based on the award-winning anime.|["Masaaki Yuasa","Mika Toyoda","Reiko Yoshida"]|["Drama","Light Novels","Romance","Supernatural"]|standalone
Riku Can’t Be a Goddess|High school student Ichika has a secret. She allows Riku, her childhood friend and crush, to explore his interest in cross-dressing by acting as his personal dress-up doll: a canvas upon which he can present his ideal of feminine beauty. One day, an unexpected kiss upends this arrangement, sending Ichika fleeing in a panic. What was she really hoping for in their private meetings–and what does Riku want, deep in his heart?<br><br>And they’re not the only students in their class who struggle with love and identity. In this collection of four coming-of-age tales, teenagers grapple with hidden fears and secret desires as they search for themselves in a complicated world.|["Kumi Tamaru","Yukihiro Nakamura"]|["Drama","LGBT+ Topics","Light Novels","Slice of Life"]|standalone
Ripping Someone Open Only Makes Them Bleed|Seventeen-year-old Akane has everything she could ever want: friends, a boyfriend, and an all-round perfect life. No one knows that her every move is a calculated performance dictated by a compulsive need to be liked. Her flawless act is disrupted when she meets a man named Ai, who looks and sounds exactly like the protagonist of Akane’s favorite novel. Can this be a coincidence? And if not, what does it mean?|["Yoru Sumino"]|["Drama","Light Novels","Romance"]|standalone
ROLL OVER AND DIE: I Will Fight for an Ordinary Life with My Love and Cursed Sword!|Flum Apricot was never meant to be a hero. Despite zero stats across the board and a power she can’t even use, she somehow finds herself included in a party of heroes. But Flum’s life hits rock bottom when the party’s renowned sage, Jean Inteige, decides that the useless girl is dead weight, and arranges to have her sold into slavery. Tossed to monsters to be feasted upon for her master’s entertainment, Flum makes the desperate choice to reach for a cursed weapon…and something new awakens within her. A grimdark tale about one woman’s blood-soaked quest to reclaim her life!|["kiki","kinta"]|["Action","Fantasy","Light Novels"]|series
Sarazanmai|After accidentally breaking a statue of a kappa, junior high students Kazuki, Toi, and Enta are transformed into kappa themselves as punishment by Keppi, prince of the Kappa Kingdom. Keppi has a task for the boys if they want their bodies back: work for him to hunt down zombie kappas! Can the boys complete their mission—even if it means exposing their own darkest, deepest fears and desires to each other?<br><br>This surrealist modern folktale, which was a fan-favorite anime in 2019, is now a 2-volume novel series by the original writers of the show!|["Teruko Utsumi","Kunihiko Ikuhara"]|["Comedy","LGBT+ Topics","Light Novels","Supernatural"]|series
SCP Foundation: Iris Through the Looking Glass|An ordinary boy encounters the paranormal when a photo of the same girl starts inexplicably showing up in every book he opens. One day, the girl reaches out and pulls him into the photo to her location: a cell in a top-secret facility belonging to the SCP Foundation, an organization dedicated to the research and containment of people, objects and phenomena that defy reality! Even worse: they’ve deemed him a threat to be contained, and he’s going to have to work with them if he ever wants to see the outside world again!|["Akira","Sidu"]|["Light Novels","Mystery","Science Fiction"]|series
She Professed Herself Pupil of the Wise Man|Sakamori Kagami was one of the top players in the VRMMO Ark Earth Online as Danblf, a veteran summoner with the gravitas to match his elite status. When he falls asleep playing one day, he’s transported to a world where the game is reality—but instead of his all-powerful avatar, he’s stuck in the body of a cute young girl! He can’t let anyone know that this little cutie is really Danblf, so he takes the name “Mira” and claims to be Danblf’s disciple. If this gets out, he’ll never live it down!|["Ryusen Hirotsugu","fuzichoco"]|["Fantasy","Isekai / Another World","Light Novels"]|series
Skeleton Knight in Another World|One day, a gamer played video games until he fell asleep…and when he woke up, he found himself in the game world–as a skeleton! Equipped with the powerful weapons and armor of his avatar but stuck with its frightening skeletal appearance, Arc has to find a place for himself in this new, fantastical land. All his hopes for a quiet life are dashed when he crosses paths with a beautiful elven warrior, setting him on a journey full of conflict and adventure.|["Ennki Hakari","KeG"]|["Fantasy","Isekai / Another World","Light Novels"]|series
Strawberry Panic|The setting is lush Astraea Hill, where three famous all-girls schools are built. It’s the first day of school, and the cherry blossoms are scattering to the ground. Nagisa meets Hanazono Shizuma, the top student in the school, and her breath is taken away by her beauty. But when Shizuma takes a liking to Nagisa, love and chaos soon follow…<br><br>• Read a free manga preview. • Read a free light novel preview. • Anime available from Media Blasters.|["Takuminamuchi","Sakurako Kimino"]|["Light Novels","Romance","Yuri"]|standalone
Summer Ghost|They say that if you set off fireworks at a certain abandoned airfield outside of town on a midsummer’s night, the spirit of a young woman who took her own life might appear before you. Three teens from different high schools, all interested in this local urban legend, come together on one fateful evening when the boundary between life and death grows thin…|["Otsuichi","loundraw"]|["Drama","Light Novels","Supernatural"]|standalone
Survival in Another World with My Mistress!|Kousuke suddenly wakes up alone in a vast forest that clearly isn’t anywhere on Earth. Now he has to find some way to eat, drink, and survive! Luckily, Kousuke also has the power to craft using a special video game menu that allows him to harvest resources and build whatever he can imagine. However, every time he goes to sleep, he’s attacked by one of the many non-human races of this world, all of whom despise humankind. Enter Sylphy, the beautiful dark elf who lays claim to Kousuke and vows to protect him–after all, she’s taken him as her property!|["Ryuto","Yappen"]|["Comedy","Fantasy","Isekai / Another World","Light Novels"]|series
Sword of the Demon Hunter: Kijin Gentōshō|For generations, a shrine has stood in the mountain village of Kadono, and for each generation the shrine has had an Itsukihime—its shrine maiden—and the maiden has had her guardian. During the Edo period, a young man named Jinta protects the town and the Itsukihime. When he confronts a strange demon in the nearby forest, it tells him that in the distant future a Demon God will threaten all people, everywhere, and it claims that the the Demon God’s rise to power springs from this very time and place, in the village of Kadono. So begins the centuries-spanning journey of a man tainted by demons, hunting through time to seek justice for what he’s lost, and to find a reason to keep on fighting.|["Motoo Nakanishi"]|["Action","Fantasy","Light Novels","Period Piece","Supernatural"]|series
The 100 Girlfriends Who Really, Really, Really, Really, Really Love You: Secret Love Story|The hit manga The 100 Girlfriends Who Really, Really, Really, Really, Really Love You gets its first-ever spin-off novel! Rentaro loses his memory, Nano gets possessed by an alien, everybody gets isekai’d into Shizuka’s favorite book, the cast pilot a giant robot—what on earth is going on?! Includes brand-new illustrations from series artist Yukiko Nozawa!|["Hamubane","Rikito Nakamura","Yukiko Nozawa"]|["Comedy","Harem","Light Novels","Romance"]|standalone
The Case Files of Jeweler Richard|When Seigi Nakata rescued a handsome young jewelry appraiser from a group of drunken assailants, he got more than he bargained for! The appraiser is Richard Ranasinghe de Vulpian, a brilliant and mysterious British jewelry expert. Seigi hires him to appraise a family heirloom…and that is just the beginning. Together, they unlock the secret messages hidden in the hearts of precious stones–and those who possess them.|["Nanako Tsujimura","Utako Yukihiro"]|["Drama","Light Novels","Mystery","Slice of Life"]|series
The Condemned Villainess Goes Back in Time and Aims to Become the Ultimate Villain|Claudia, daughter of a duke, is tricked by her wicked half-sister and sold off to a brothel. Unwilling to accept defeat, Claudia uses the tools at her disposal and becomes one of the most successful sex workers in her new home. That’s when she dies–only to be thrust back in time to age fourteen! Gone is the gullible girl of her academy days now that she’s got street savvy and hard-won seductive skills. It’s Claudia’s turn to play the evil villainess, and there’s nothing she won’t do to protect what’s hers!|["Bakufu Narayama","Ebisushi"]|["Light Novels","Shojo / Josei","Villainesses"]|series
The Disappearance of Hatsune Miku|Asano is a young university student tasked with testing out the technology department’s newest creation—the life-like android, Hatsune Miku. Although Hatsune Miku has a lot to learn, Asano comes to see her as more than merely a piece of tech and together the two learn what life and love is all about.|["Yunagi","cosMo@BousouP","Muya Agami"]|["Based on a Video Game","Drama","Hatsune Miku","Light Novels","Science Fiction"]|standalone
The Haunted Bookstore – Gateway to a Parallel Universe|Kaori lives in an otherworldly bookstore with her adoptive father. Together, they provide books to the strange denizens of the spirit realm. But Kaori’s peaceful days come to an end when she rescues an injured boy from the streets–a human, like her, from the mortal realm. The boy’s name is Suimei, and he’s an exorcist, the natural enemy of all spirits. Can Kaori convince Suimei that the line between human and spirit is far hazier than he thinks? A touching supernatural tale where humanity and Japanese folklore intertwine!|["Shinobumaru","Munashichi"]|["Fantasy","Light Novels","Monster Boys","Supernatural"]|series
The Hidden Dungeon Only I Can Enter|Hidden dungeons—legendary places that no one knows how to enter—are full of extremely rare items, incredibly dangerous beasts, and strange beings that can grant power beyond measure. Noir, the third son of a penniless baronet, just lost his job. He was contemplating becoming an adventurer when fortune struck only a mile from home, and he opened the entrance to just such a dungeon!|["Meguru Seto","Takehana Note"]|["Fantasy","Harem","Light Novels"]|series
The Invincible Shovel|The strongest miner in the world, Alan can reduce mountains to rubble with a swing of his trusty shovel—a legendary tool that grants him immortal life and can blast through the strongest of foes. When this legendary miner teams up with a runaway princess to track down cursed jewels and save her kingdom from an invading demon force, evil doesn’t stand a chance. A hilarious fantasy tale for fans of RPGs, with adventure… in spades!|["Yasohachi Tsuchise","Hagure Yuuki"]|["Comedy","Fantasy","Light Novels"]|series
The Mimosa Confessions|Growing up in a dreary suburb, Sakuma has little to brighten his humdrum days aside from his best friend. The bright, talented, and attractive Ushio seems to have everything Sakuma lacks, and his good looks, academics, and athletic prowess make him popular with the girls at school. Past trauma—and an understandable inferiority complex—slowly drive the two apart, and by the time they enter high school, they hardly even speak anymore. Thus, Sakuma finds himself alone.<br><br>Against all odds, he eventually gains a friend in Natsuki, the sweetest girl in class. The two hit it off gushing about their favorite novels, and he falls head over heels for her. But that very same night, he stumbles upon an unexpected sight while walking through a familiar park: his old friend Ushio, dressed in a full-blown schoolgirl’s uniform and sobbing uncontrollably.|["Mei Hachimoku","KUKKA"]|["Drama","LGBT+ Topics","Light Novels","Romance","Slice of Life"]|series
The Misdeeds of an Extremely Arrogant Villain Aristocrat|Luke Wizalia Gyleberde has been reborn into the world of a fantasy novel as the arrogant villain destined for a disastrous end. But Luke isn’t willing to play the hero’s ultimate fall guy. Armed with monstrous abilities, he enrolls at Aslan Magic Academy with a single goal: to become the strongest student and avoid his villainous fate. However, rewriting his story and shaking up the delicate balance of character dynamics is easier said than done. Luckily, Luke’s growing charisma and power make him a magnetic force, drawing everyone to his side—ranging from high nobles to shadowy schemers, and even the love interests meant for the hero. It seems like he may just sidestep his bad ending. But even the smallest change threatens to send the entire narrative into chaos. Can Luke rewrite his fate, or is his disastrous destiny inevitable?|["Yukiha Kuroyuki"]|["Fantasy","Isekai / Another World","Light Novels"]|series
The Most Heretical Last Boss Queen: From Villainess to Savior|Pride Royal Ivy is only eight years old when she realizes that she’s been reincarnated, destined to become the future wicked queen and final boss of an otome game. She’s got it all in this new life: razor-sharp wit, boss-tier powers, and influence over the kingdom as crown princess. Determined to sow despair and destruction across the land, she… Wait, what kind of a rotten future is that?! Princess Pride decides to drop the maniacal villainess act and protect the male love interests instead, cheating her way to saving everyone she can! Will this final boss end up earning the adoration of her kingdom?|["Tenichi","Suzunosuke"]|["Fantasy","Isekai / Another World","Light Novels","Shojo / Josei","Villainesses"]|series
The Most Notorious “Talker” Runs the World’s Greatest Clan|Noel longs to be a Seeker like his heroic grandfather, slaying the beasts that emerge from Abysses and exploring far-off lands. Unfortunately, it turns out he’s nothing but a measly Talker–a job with no combat skills whatsoever. Undaunted, Noel sets out to establish the strongest clan in all the land, using his silver-tongued Talker skills to unite assassins and heroes under his leadership.|["jaki","fame"]|["Fantasy","Light Novels"]|series
The NPCs in this Village Sim Game Must Be Real!|Yoshio is thirty years old, and his life is a mess. A shut-in living with his parents, he has no job, no relationship, and no prospects. When he receives a new sim computer game that boasts characters created with a new kind of A.I., he doesn’t think much of it–until he gets drawn into a fantasy world so vibrant and lifelike that its residents can’t just be game characters. Suddenly finding himself the benevolent god of a scrappy fantasy village is a lot for Yoshio to handle, but it might be the key to the change he desperately needs.|["Hirukuma","Namako"]|["Fantasy","Light Novels","Science Fiction","Slice of Life"]|series
The Obsessed Mage and His Beloved Statue Bride: She Cannot Resist His Seductive Voice|Lara Bradley, a renowned mage, sets off to defeat a low-risk monster with her young apprentice Alistair, who never stops proposing to her. But instead of a minor threat, they encounter the world’s most dangerous creature—a dragon! In a desperate bid to save Alistair, Lara faces the dragon alone and casts a spell that turns herself to stone.<br><br>Twenty years later, the petrification spell breaks, and Lara awakens in a world that has moved on—except for Alistair, who never forgot her. The boy she once knew has grown into a powerful, determined man who’s eager to make up for lost time with his beloved master. As they reconnect, will sparks fly, or are they doomed to repeat past mistakes?|["Hachi Uehara","Crane"]|["Fantasy","Light Novels","Romance"]|standalone
The Saint’s Magic Power is Omnipotent|Sei, a 20-year-old office worker, is whisked away to a whole new world. Unfortunately for Sei, the ritual that summoned her–meant to produce a “Saint” who would banish the dark magic–brought two people over instead of one. And everyone prefers the second girl over Sei?! But this is just fine by Sei, who leaves the royal palace to set up shop making potions and cosmetics with her newfound magic. Business is booming, and this might not be such a bad life, after all…as long as her supposed Sainthood doesn’t come back to haunt her.|["Yuka Tachibana","Yasuyuki Syuri"]|["Fantasy","Isekai / Another World","Light Novels","Shojo / Josei"]|series
The Sorcerer King of Destruction and the Golem of the Barbarian Queen|He has no name, and he has no memory. All he knows is that he was summoned by a dark spell with a gruesome sacrifice. Now, he’s the Sorcerer King of Destruction, fated to bring about the end of the world. His only hope to defy that fate lies in his partner, a beautiful elven golem with a terrifying taste for violence. She will be his greatest protector—just as he must become hers!|["Northcarolina","Shiba"]|["Comedy","Fantasy","Isekai / Another World","Light Novels"]|series
The Strange Adventure of a Broke Mercenary|One by one, the mercenaries who raised Loren fell in a terrible, bloody battle. The lone survivor in a hard world with only his wits and his sword to his name, Loren hires himself out as an adventurer. His new party, however, proves all too willing to run headlong into danger using him as their meat shield. Only Lapis, the party’s sly priest, sees his true worth, just as Loren sees hers. They must rely on each other, or else neither of them will live to see the end of their first adventure.|["Mine","peroshi"]|["Action","Fantasy","Light Novels"]|series
The Tale of a Little Alchemist Blessed by the Spirits|Daisy’s new life is already a world apart from the last. Once cast out for a “worthless” job and left to die alone, she’s now the cherished daughter of a viscount—with a rare skill, a loving family, and a future that’s finally hers to shape.<br><br>Sure, she’s been saddled with the “undesirable” job of Alchemist again, but things couldn’t be more different this time. With her Appraisal ability, the blessing of the spirits, and brand-new alchemy tools at her side, Daisy is ready to turn her second chance into something truly magical.<br><br>Before long, she’s brewing potions for kingdoms, gathering rare materials with ease, and still finding time to bake fresh bread.<br><br>This time, the overpowered alchemist is going to make sure her future shines bright!|["Junsui","yocco"]|["Fantasy","Light Novels","Shojo / Josei"]|series
The Too-Perfect Saint: Tossed Aside by My Fiancé and Sold to Another Kingdom|Philia’s family has produced saints for generations. It’s no surprise that she’s known as the greatest saint of all time—and set to marry the second prince, Julius. What no one expects is for Julius to call off the engagement, claiming that Philia’s perfection makes her charmless and unlikable. To add insult to injury, Philia is packed off to a neighboring country in exchange for gold and resources, forcing her to leave her homeland! Despite bracing herself for mistreatment, Philia finds a warm welcome in her new town, where she puts her saintly abilities to good use erecting barriers against monsters and curing epidemics. But even as she flourishes in her new life, her homeland is under threat of destruction!|["Fuyutsuki Koki","Masami"]|["Comedy","Fantasy","Light Novels","Romance"]|series
The Tunnel to Summer, the Exit of Goodbyes|One summer morning before school, Kaoru hears an unsettling rumor—of a mysterious tunnel that can grant any wish to those who enter it, but ages them dramatically in exchange. At first, he writes it off as nothing more than an urban legend, but that very night, he happens upon the selfsame passage: the Urashima Tunnel. As he stands before its gaping maw, a thought occurs to him—if this tunnel truly does have the power to grant any wish, could he use it to bring his younger sister back from her untimely death five years prior?<br><br>Yet when he returns to explore the tunnel the next day, he finds he’s been followed by the new girl in class: a total enigma by the name of Anzu. She takes an interest in Kaoru, and they agree to work together to investigate the time-twisting tunnel and uncover its mysteries. Together, they might achieve their deepest desires…but are they prepared for what it may cost them?|["Mei Hachimoku","KUKKA"]|["Drama","Light Novels","Romance","Science Fiction"]|standalone
The Villainess and the Demon Knight|Being reincarnated as an otome game villainess is hard enough, but fate sure didn’t hold back on stacking the odds against Cecelia. Her engagement is broken off, the heroine is harassing her, and she’s forced to work in a brothel! To make matters worse, her first customer is none other than the heroine’s childhood friend and debaucherous leader of the Imperial Guard, Duke Lucas Herbst. Terrified, Cecelia finds herself relentlessly pursued, only to wake up the next day in his mansion—marked as his fiancée?! Bound to this unhinged knight, the troubled villainess must endure his obsessive love. But is his intoxicating affection a curse…or is it a blessing in disguise?|["Nekota","Asahiko"]|["Fantasy","Isekai / Another World","Light Novels","Romance"]|series
The Weakest Tamer Began a Journey to Pick Up Trash|In Ivy’s world, stars are everything. She’s a Tamer, born to subdue monsters and animals, but she was also born starless! With her life in danger, Ivy flees into the forest where she befriends a weak little slime named Sora—the one creature she can tame. Together, the unlikely pair set off on a journey, salvaging rubbish to survive. Along the way they’ll win hearts, evade danger, and discover there’s more to starless Ivy than meets the eye!|["Honobonoru500","Nama"]|["Fantasy","Isekai / Another World","Light Novels"]|series
The Wicked Princess and The Twelve Eyes: The Legendary Villainess and Her Elite Assassins|Lady Selina was betrayed by the crown prince, framed for a crime she didn’t commit, and executed by poison. That should have been the end of her story—until time rewound, handing her a second chance.<br><br>This time, she’s not holding back. After all, that “murder” she was accused of was just a little misunderstanding! Dropping a flowerpot on the saintess’s head isn’t exactly lethal. Reflecting on her downfall, Selina realizes she didn’t fail because of her schemes. She failed because she didn’t have loyal minions to execute them properly.<br><br>Determined to rewrite her fate, she takes in a group of orphans with nothing to lose and subjects them to grueling, cutthroat training. What emerges isn’t just a team of assassins—they’re the deadliest, most fanatically devoted elite the kingdom has ever seen. And they answer only to her.<br><br>Armed with her overpowered entourage and sharp wit, Selina is ready to crush anyone who stands in her way. Dive into a chaotic adventure where a morally flexible villainess embraces her second chance, seeking revenge and rewriting the rules of heroism.|["saino","Daken"]|["Fantasy","Light Novels"]|standalone
The World’s Fastest Level Up|Years have passed since dungeons sprung up around the world. When adventurer Amane Rin awakens to a unique skill called “Dungeon Teleporting,” the rules can’t touch him anymore. This is the tale of how he races to become the world’s strongest (and fastest-progressing) adventurer!|["Nagato Yamata","fame"]|["Action","Fantasy","Light Novels"]|series
There’s No Freaking Way I’ll be Your Lover! Unless…|Awkward, introverted Amaori Renako is leaving her lonely middle school life behind, determined to become an outgoing and popular high schooler. Glamorous, confident Oduka Mai is Renako’s total opposite: wealthy, carefree, and a literal fashion model. Against the odds, the two girls form an immediate connection. Renako thinks she may have found the best friend of her dreams…until Mai’s love confession sends her feelings into a tailspin. Renako wants to prove to Mai that being BFFs is better than being girlfriends, but Mai is dead set on convincing Renako that they’re destined to be lovers!|["Teren Mikami","Eku Takeshima"]|["Comedy","Light Novels","Romance","Slice of Life","Yuri"]|series
Though I Am an Inept Villainess: Tale of the Butterfly-Rat Body Swap in the Maiden Court|In the Kingdom of Ei, five clans put forth their maidens as imperial consorts—but only one will be crowned empress. Just when frail and beautiful “court butterfly” Kou Reirin seems poised to marry the crown prince, jealous “court rat” Shu Keigetsu steals her body! Reirin wakes up in the dungeons as the conspirator, and things look dire…or do they? Now that she’s got a robust new body, not even the looming threat of execution can stop her!|["Satsuki Nakamura","Kana Yuki"]|["Drama","Fantasy","Light Novels","Period Piece","Romance","Shojo / Josei","Villainesses"]|series
To Every You I’ve Loved Before|In a world where people regularly travel between slightly different parallel universes, Takasaki Koyomi lives with his mother after his parents’ recent divorce. Awkward and studious, he has trouble making friends at his new school until his classmate Takigawa Kazune seeks him out. She claims that she’s moved here from another world where she and Takasaki are in love… but could he be the one who’s actually from a parallel world instead?<br><br>To Every You I’ve Loved Before and To Me, The One Who Loved You are parallel universe novels by the same author and released on the same day. They can be read in either order to complement each other, and inspired a pair of anime films (also released on the same day).|["Yomoji Otono"]|["Drama","Light Novels","Romance","Science Fiction"]|standalone
To Me, The One Who Loved You|In Hidaka Koyomi’s world, travel between slightly different alternate universes is commonplace. After his parents’ divorce, Hidaka now lives with his father. One day, he falls in love with a girl named Satou Shiori after meeting her at his father’s workplace. Unfortunately, their young love seems doomed as their parents are getting remarried…to each other. Is there some parallel world out there where these two can be together as lovers, not step-siblings…and what could be the price if they try to find out?<br><br>To Every You I’ve Loved Before and To Me, The One Who Loved You are parallel universe novels by the same author and released on the same day. They can be read in either order to complement each other, and inspired a pair of anime films (also released on the same day).|["Yomoji Otono"]|["Drama","Light Novels","Romance","Science Fiction"]|standalone
Too Many Losing Heroines!|Plain, boring, and friendless Nukumizu Kazuhiko has witnessed something completely baffling: popular girl Yanami Anna was friend-zoned by her childhood friend and crush! In fact, all the popular girls around him are getting similarly rejected by the boys they like. Without realizing it, Kazuhiko becomes entangled in the relationship drama where all the leading heroines are losing out on love! Can he keep their spirits up and help them find happiness?|["Imigimuru","Takibi Amamori"]|["Comedy","Light Novels","Romance"]|series
Toradora!|Takasu Ryuuji might look like a thug, but he’s actually a nice guy. Making friends when you’ve got an unintentionally scary face is tough–and don’t even get him started on girlfriends. But with his secret crush in his class, the start of his second year of high school is off to a good start…until he crosses paths with Aisaka Taiga. Beautiful, frightening, and not quite five feet tall, the girl known as the Palmtop Tiger is the one person in school even scarier than Ryuuji himself–and he’s just made the mistake of making her very, very angry.|["Yuyuko Takemiya","Yasu"]|["Comedy","Drama","Light Novels","Slice of Life"]|series
Trapped in a Dating Sim: Otome Games Are Tough For Us, Too!|After being reborn in the world of an otome game as an insignificant background character, Leon tries his best to lead an uneventful life, but someone else who reincarnated there has a different idea. Marie may be insignificant like Leon for now, but she’s intent on slipping into the main character’s role and claiming all the love interests for herself! Leon narrowly manages to impede her first attempt, but will this really stop her? Why does he have this sinking feeling that something’s gone terribly wrong?!|["Yomu Mishima","Moge Toi","Monda"]|["Comedy","Isekai / Another World","Light Novels","Science Fiction"]|series
Trapped in a Dating Sim: The World of Otome Games is Tough for Mobs|Office worker Leon is reincarnated into a dating sim video game, where women reign supreme and only beautiful men have a seat at the table. But Leon has a secret weapon: he remembers everything from his past life, which includes a complete playthrough of the very game in which he is now trapped. Can Leon spark a revolution to change this new world order?|["Yomu Mishima","Monda"]|["Comedy","Isekai / Another World","Light Novels","Science Fiction"]|series
True Love Fades Away When the Contract Ends|Fiona isn’t one to live an everyday noble life. Instead, she finds more fulfillment in working hard. But when she overhears her father planning an arranged marriage for her to her childhood friend, she’s desperate to stop it! Luckily, she meets Giles, the son of an earl and the town darling who’s also hoping to avoid marriage. Together they hatch the perfect plan to thwart their parents’ matchmaking: by pretending to be soulmates! A flawless plan that can’t possibly go wrong. Right…?|["Kosuzu Kobato","Fumi Takamura"]|["Light Novels","Period Piece","Romance","Shojo / Josei"]|series
True Tenchi Muyo!|Based on the hit Tenchi Muyo! Ryo-Ohki OVA series, this trilogy of canonical light novels explores the lore that shapes the past, present, and future of the sprawling Tenchi Muyo universe. In the first novel, delve deep into the backstory of Emperor Azusa (Ayeka and Sasami’s father) while learning what happened immediately following the conclusion of the second OVA series. In the second novel, witness the mysterious past of Tenchi’s grandfather Yosho, and how he came to find himself on Earth in the aftermath of Ryoko’s attack on Jurai. And in the third and final novel, learn the origin of the super genius Washu and the previously untold life she led as a goddess over 20,000 years before the events of the Tenchi Muyo: Ryo-Ohki series!|["Masaki Kajishima","Yousuke Kuroda"]|["Classics","Harem","Light Novels","Science Fiction"]|series
Virgin Knight: I Became the Frontier Lord in a World Ruled by Women|Reborn from modern Japan into a medieval fantasy world where gender roles are flipped, Faust is an anomaly—a rare male knight! Raised as a frontier lord, his old-world values clash hilariously with his new life. The queen’s attire leaves little to the imagination, and the busty duke’s “friendly” advances verge on harassment! Despite getting flustered in court, Faust is a dazzling hero on the battlefield whose prowess can turn the tide of any battle.<br><br>When Faust is tasked with advising Princess Valiele on her first mission, what was meant to be a simple skirmish against bandits quickly spirals into an unimaginable trial. Dive into the first volume of a heroic gender-bent saga!|["Melonnyinyi","Mitizou"]|["Action","Comedy","Drama","Fantasy","Isekai / Another World","Light Novels"]|series
Vivy Prototype|In an age when artificial intelligence has become integral to human life, AI songstress Vivy captures people’s hearts with her enthralling voice at a theme park, NiaLand. When a mysterious AI who calls himself Matsumoto appears and claims to be from one hundred years in the future, he warns Vivy of the coming apocalyptic battle between AI and humankind. Can Vivy help prevent an all-out war one hundred years hence, and save humanity from destruction?|["Tappei Nagatsuki","Eiji Umehara","loundraw"]|["Light Novels","Science Fiction"]|series
Wait For Me Yesterday in Spring|Except death might not be the end for Akito. As Kanae tries to fill in the four-day gap of his memories, Akari explains: he’s about to relive those four days in reverse order in a phenomenon known as “Rollback.” Kanae himself explained it to her…in a past he hasn’t yet experienced. Armed with this new knowledge, Kanae is determined to leverage Rollback however he can to save Akito’s life—and Akari’s heart.|["Mei Hachimoku","KUKKA"]|["Drama","Light Novels","Romance","Science Fiction"]|standalone
Wicked City|For centuries, a secret peace treaty has existed between Earth and The Black World, a parallel dimension populated by shape-changers who possess awesome supernatural powers. Now that pact is up for renewal and a militant faction from the Black World will do everything in its power to stop the treaty from being signed. The fate of the world rests on the shoulders of a pair of special agents, one a human, the other a shape-changer from the dark dimension.|["Hideyuki Kikuchi"]|["Horror","Light Novels","Supernatural"]|standalone
Witch and Mercenary|Nothing in this world is more dangerous than a witch. The epitome of fear and terror, they can summon floods on a whim, conjure balls of fire out of the air, or even destroy entire countries overnight. Incur their wrath, and no one is safe.<br><br>At least, that’s what everyone thinks, and it’s the very reason they all want Siasha dead. After yet another violent battle for her life, she teams up with Zig, a mercenary, and they depart for unknown lands to find somewhere she can live in peace. But is the pair any match for the lost magic and vicious monstrosities that lie ahead?|["Kanase Bench","Chohokiteki Kaeru"]|["Action","Fantasy","Light Novels"]|series
Yes, No, or Maybe?|Kunieda Kei is the up-and-coming Prince Charming of the evening news. Inside, he’s the opposite: brash, hot-tempered, and prickly as can be. For years, Kei has successfully juggled his private and professional personas—until a chance meeting with a stop motion animator threatens to bring it all crashing down. But is that really as frightening as the possibility that someone might love and accept both sides of who he is?|["Michi Ichiho","Lala Takemiya"]|["Boys' Love","Light Novels","Romance"]|series